{"stats":{"minecraft:killed":{"minecraft:sheep":2,"minecraft:horse":5,"minecraft:zombie":1,"minecraft:pig":1,"minecraft:spider":1,"minecraft:cow":6},"minecraft:crafted":{"minecraft:oak_planks":32,"minecraft:crafting_table":1,"minecraft:stick":16,"minecraft:wooden_pickaxe":1,"minecraft:wooden_axe":2},"minecraft:mined":{"minecraft:crafting_table":2,"minecraft:grass":9,"minecraft:grass_block":1,"minecraft:oak_log":8,"minecraft:sunflower":1,"minecraft:dirt":3,"minecraft:oak_leaves":1},"minecraft:used":{"minecraft:wooden_axe":37,"minecraft:wooden_pickaxe":15,"minecraft:dirt":4,"minecraft:mutton":4,"minecraft:beef":4,"minecraft:crafting_table":2},"minecraft:picked_up":{"minecraft:crafting_table":2,"minecraft:leather":11,"minecraft:porkchop":1,"minecraft:oak_log":8,"minecraft:gunpowder":2,"minecraft:dirt":4,"minecraft:rotten_flesh":1,"minecraft:wheat_seeds":2,"minecraft:beef":11,"minecraft:mutton":4,"minecraft:white_wool":2,"minecraft:sunflower":1},"minecraft:custom":{"minecraft:time_since_rest":20438,"minecraft:sprint_one_cm":37854,"minecraft:damage_taken":100,"minecraft:walk_one_cm":11481,"minecraft:mob_kills":16,"minecraft:damage_dealt":2548,"minecraft:interact_with_crafting_table":2,"minecraft:fly_one_cm":81294,"minecraft:crouch_one_cm":152,"minecraft:play_time":20438,"minecraft:sneak_time":42,"minecraft:jump":347,"minecraft:leave_game":4,"minecraft:time_since_death":20438,"minecraft:total_world_time":20438,"minecraft:fall_one_cm":8234},"minecraft:broken":{"minecraft:wooden_axe":1}},"DataVersion":3337}