{"stats":{"minecraft:used":{"minecraft:wooden_axe":32,"minecraft:wooden_pickaxe":15,"minecraft:dirt":1,"minecraft:mutton":2,"minecraft:beef":2,"minecraft:crafting_table":1},"minecraft:custom":{"minecraft:time_since_rest":15305,"minecraft:sprint_one_cm":30567,"minecraft:damage_taken":100,"minecraft:walk_one_cm":9190,"minecraft:mob_kills":13,"minecraft:damage_dealt":2248,"minecraft:interact_with_crafting_table":1,"minecraft:fly_one_cm":63142,"minecraft:crouch_one_cm":152,"minecraft:play_time":15305,"minecraft:sneak_time":42,"minecraft:jump":269,"minecraft:leave_game":3,"minecraft:time_since_death":15305,"minecraft:total_world_time":15305,"minecraft:fall_one_cm":5819},"minecraft:crafted":{"minecraft:oak_planks":16,"minecraft:crafting_table":1,"minecraft:stick":4,"minecraft:wooden_pickaxe":1,"minecraft:wooden_axe":1},"minecraft:broken":{"minecraft:wooden_axe":1},"minecraft:mined":{"minecraft:crafting_table":1,"minecraft:grass":8,"minecraft:grass_block":1,"minecraft:oak_log":4,"minecraft:sunflower":1,"minecraft:dirt":2,"minecraft:oak_leaves":1},"minecraft:picked_up":{"minecraft:crafting_table":1,"minecraft:leather":8,"minecraft:oak_log":4,"minecraft:gunpowder":2,"minecraft:dirt":3,"minecraft:rotten_flesh":1,"minecraft:wheat_seeds":2,"minecraft:beef":8,"minecraft:mutton":4,"minecraft:white_wool":2,"minecraft:sunflower":1},"minecraft:killed":{"minecraft:sheep":2,"minecraft:horse":5,"minecraft:zombie":1,"minecraft:spider":1,"minecraft:cow":4}},"DataVersion":3337}