{"stats":{"minecraft:custom":{"minecraft:time_since_rest":7500,"minecraft:crouch_one_cm":152,"minecraft:sprint_one_cm":12630,"minecraft:play_time":7500,"minecraft:walk_one_cm":3699,"minecraft:sneak_time":42,"minecraft:mob_kills":5,"minecraft:jump":110,"minecraft:damage_dealt":1191,"minecraft:leave_game":2,"minecraft:time_since_death":7500,"minecraft:total_world_time":7500,"minecraft:interact_with_crafting_table":1,"minecraft:fall_one_cm":2208,"minecraft:fly_one_cm":22243},"minecraft:used":{"minecraft:wooden_axe":20,"minecraft:crafting_table":1},"minecraft:picked_up":{"minecraft:crafting_table":1,"minecraft:leather":5,"minecraft:oak_log":4,"minecraft:mutton":2,"minecraft:white_wool":1,"minecraft:sunflower":1},"minecraft:mined":{"minecraft:grass":3,"minecraft:oak_log":4,"minecraft:sunflower":1,"minecraft:crafting_table":1,"minecraft:oak_leaves":1},"minecraft:killed":{"minecraft:horse":4,"minecraft:sheep":1},"minecraft:crafted":{"minecraft:oak_planks":16,"minecraft:crafting_table":1,"minecraft:stick":4,"minecraft:wooden_pickaxe":1,"minecraft:wooden_axe":1}},"DataVersion":3337}